<?xml version='1.0' encoding='utf-8' standalone='yes' ?>
<map>
    <boolean name="viper4android.headphonefx.reverb.enable" value="false" />
    <boolean name="viper4android.headphonefx.playbackgain.enable" value="false" />
    <boolean name="viper4android.speakerfx.spkopt.enable" value="false" />
    <string name="viper4android.headphonefx.limiter">100</string>
    <string name="viper4android.headphonefx.outvol">100</string>
    <string name="viper4android.headphonefx.reverb.wet">9</string>
    <string name="viper4android.headphonefx.reverb.roomwidth">46</string>
    <boolean name="viper4android.speakerfx.enable" value="false" />
    <string name="viper4android.headphonefx.reverb.damp">31</string>
    <string name="viper4android.headphonefx.channelpan">88</string>
    <string name="viper4android.headphonefx.reverb.dry">48</string>
</map>
